Ring of Swarming Thought {'avg': 400.0, 'stdev': 0.0, 'var': 0.0, '2025-06-10.1': 400.0, '2025-05-28.1': 400.0, '2025-05-25.1': 400.0}
Gloves of Enforcement {'avg': 8875.0, 'stdev': 2174.66, 'var': 4729166.67, '2025-06-10.1': 7000.0, '2025-06-01.1': 8500.0, '2025-05-31.1': 8000.0, '2025-05-28.1': 12000.0}
Formula: Enchant Gloves - Fire Power {'avg': 500.0, 'stdev': 0.0, 'var': 0.0, '2025-06-10.1': 500.0, '2025-06-07.1': 500.0}
Vek'nilash's Circlet {'avg': 2409.09, 'stdev': 735.47, 'var': 540909.09, '2025-06-10.1': 4000.0, '2025-06-08.1': 2000.0, '2025-06-07.1': 3000.0, '2025-06-05.1': 2000.0, '2025-06-04.1': 2000.0, '2025-06-03.1': 2000.0, '2025-05-31.1': 2000.0, '2025-05-28.1': 2000.0, '2025-05-27.1': 2000.0, '2025-05-25.1': 3500.0, '2025-05-24.1': 2000.0}
Qiraji Execution Bracers {'avg': 5666.67, 'stdev': 3752.78, 'var': 14083333.33, '2025-06-10.1': 3500.0, '2025-05-31.1': 10000.0, '2025-05-25.1': 3500.0}
Regenerating Belt of Vek'nilash {'avg': 333.33, 'stdev': 57.74, 'var': 3333.33, '2025-06-10.1': 300.0, '2025-06-07.1': 400.0, '2025-05-24.1': 300.0}
Qiraji Bindings of Dominance {'avg': 2000.0, 'stdev': 0.0, 'var': 0.0, '2025-06-10.1': 2000.0, '2025-06-05.1': 2000.0, '2025-06-04.1': 2000.0}
Eye of C'Thun {'avg': 8269.23, 'stdev': 2735.69, 'var': 7483974.36, '2025-06-10.1': 8000.0, '2025-06-08.1': 6500.0, '2025-06-07.1': 8500.0, '2025-06-05.1': 15000.0, '2025-06-04.1': 8000.0, '2025-06-03.1': 11000.0, '2025-06-01.1': 5000.0, '2025-05-31.1': 10000.0, '2025-05-29.1': 5000.0, '2025-05-28.1': 7000.0, '2025-05-27.1': 10000.0, '2025-05-25.1': 7000.0, '2025-05-24.1': 6500.0}
Ring of the Qiraji Fury {'avg': 7166.67, 'stdev': 1755.94, 'var': 3083333.33, '2025-06-10.1': 5500.0, '2025-06-07.1': 9000.0, '2025-05-31.1': 7000.0}
Qiraji Bindings of Command {'avg': 2041.67, 'stdev': 144.34, 'var': 20833.33, '2025-06-10.1': 2000.0, '2025-06-08.1': 2000.0, '2025-06-07.1': 2000.0, '2025-06-05.1': 2000.0, '2025-06-04.1': 2000.0, '2025-06-03.1': 2000.0, '2025-05-31.1': 2000.0, '2025-05-29.1': 2000.0, '2025-05-28.1': 2500.0, '2025-05-27.1': 2000.0, '2025-05-25.1': 2000.0, '2025-05-24.1': 2000.0}
Ouro's Intact Hide {'avg': 2208.33, 'stdev': 396.48, 'var': 157196.97, '2025-06-10.1': 2500.0, '2025-06-08.1': 2000.0, '2025-06-07.1': 3000.0, '2025-06-05.1': 2000.0, '2025-06-04.1': 2000.0, '2025-06-03.1': 2000.0, '2025-05-31.1': 2000.0, '2025-05-29.1': 2000.0, '2025-05-28.1': 2000.0, '2025-05-27.1': 2000.0, '2025-05-25.1': 3000.0, '2025-05-24.1': 2000.0}
Vanquished Tentacle of C'Thun {'avg': 908.5, 'stdev': 350.27, 'var': 122689.0, '2025-06-10.1': 500.0, '2025-06-08.1': 1334.0, '2025-06-05.1': 1000.0, '2025-05-27.1': 800.0}
Gloves of the Redeemed Prophecy {'avg': 500.0, 'stdev': 0.0, 'var': 0.0, '2025-06-10.1': 500.0, '2025-05-31.1': 500.0}
Cloak of the Devoured {'avg': 6166.67, 'stdev': 3403.43, 'var': 11583333.33, '2025-06-10.1': 3500.0, '2025-06-05.1': 10000.0, '2025-05-28.1': 5000.0}
Carapace of the Old God {'avg': 2291.67, 'stdev': 541.81, 'var': 293560.61, '2025-06-10.1': 2000.0, '2025-06-08.1': 3500.0, '2025-06-07.1': 2000.0, '2025-06-05.1': 2000.0, '2025-06-04.1': 2000.0, '2025-06-03.1': 3000.0, '2025-05-31.1': 2000.0, '2025-05-29.1': 2000.0, '2025-05-28.1': 2000.0, '2025-05-27.1': 2000.0, '2025-05-25.1': 3000.0, '2025-05-24.1': 2000.0}
Ring of the Martyr {'avg': 5333.33, 'stdev': 1443.38, 'var': 2083333.33, '2025-06-10.1': 4500.0, '2025-06-05.1': 4500.0, '2025-05-31.1': 7000.0}
Libram of Grace {'avg': 1000.0, 'stdev': 0, 'var': 0, '2025-06-10.1': 1000.0}
Jom Gabbar {'avg': 9750.0, 'stdev': 1767.77, 'var': 3125000.0, '2025-06-10.1': 11000.0, '2025-05-24.1': 8500.0}
Greater Scarab Coffer Key {'avg': 828.0, 'stdev': 303.97, 'var': 92395.5, '2025-06-10.1': 1300.0, '2025-06-08.1': 1234.0, '2025-06-07.1': 500.0, '2025-06-05.1': 1000.0, '2025-06-04.1': 1069.0, '2025-06-03.1': 700.0, '2025-06-01.1': 700.0, '2025-05-31.1': 1100.0, '2025-05-29.1': 500.0, '2025-05-28.1': 611.0, '2025-05-27.1': 1050.0, '2025-05-25.1': 500.0, '2025-05-24.1': 500.0}
Wristguards of Vengeance {'avg': 10050.0, 'stdev': 3252.78, 'var': 10580555.56, '2025-06-10.1': 12000.0, '2025-06-09.2': 14000.0, '2025-06-03.1': 8000.0, '2025-06-02.2': 11000.0, '2025-06-02.1': 10000.0, '2025-05-31.2': 16000.0, '2025-05-31.1': 7000.0, '2025-05-29.2': 5500.0, '2025-05-29.1': 9000.0, '2025-05-25.1': 8000.0}
Wand of the Whispering Dead {'avg': 5000.0, 'stdev': 0.0, 'var': 0.0, '2025-06-10.1': 5000.0, '2025-06-01.1': 5000.0, '2025-05-26.2': 5000.0, '2025-05-24.2': 5000.0}
Desecrated Pauldrons {'avg': 2625.0, 'stdev': 1554.56, 'var': 2416666.67, '2025-06-10.1': 2000.0, '2025-06-08.1': 2000.0, '2025-06-07.2': 2000.0, '2025-06-06.1': 2000.0, '2025-06-05.2': 2000.0, '2025-06-05.1': 2000.0, '2025-06-04.1': 8000.0, '2025-06-03.1': 3500.0, '2025-06-02.2': 2000.0, '2025-06-02.1': 2000.0, '2025-05-31.1': 2000.0, '2025-05-29.1': 2500.0, '2025-05-27.1': 2000.0, '2025-05-26.1': 4000.0, '2025-05-25.1': 2000.0, '2025-05-23.1': 2000.0}
Splinter of Atiesh {'avg': 5463.33, 'stdev': 2994.3, 'var': 8965850.57, '2025-06-10.1': 4000.0, '2025-06-09.2': 7200.0, '2025-06-09.1': 1800.0, '2025-06-08.1': 8400.0, '2025-06-07.2': 4500.0, '2025-06-07.1': 4800.0, '2025-06-06.2': 1200.0, '2025-06-06.1': 7200.0, '2025-06-05.2': 4500.0, '2025-06-05.1': 3200.0, '2025-06-04.1': 11900.0, '2025-06-03.1': 4000.0, '2025-06-02.2': 7200.0, '2025-06-02.1': 3600.0, '2025-06-01.1': 5600.0, '2025-05-31.2': 5100.0, '2025-05-31.1': 3600.0, '2025-05-30.2': 1200.0, '2025-05-30.1': 7200.0, '2025-05-29.2': 6000.0, '2025-05-29.1': 4800.0, '2025-05-28.1': 6800.0, '2025-05-27.1': 1000.0, '2025-05-26.2': 12600.0, '2025-05-26.1': 4800.0, '2025-05-25.1': 7000.0, '2025-05-24.2': 8500.0, '2025-05-24.1': 2400.0, '2025-05-23.2': 3000.0, '2025-05-23.1': 10800.0}
Hatchet of Sundered Bone {'avg': 5750.0, 'stdev': 957.43, 'var': 916666.67, '2025-06-10.1': 5000.0, '2025-06-04.1': 6000.0, '2025-06-03.1': 7000.0, '2025-05-29.2': 5000.0}
Hammer of the Twisting Nether {'avg': 14333.33, 'stdev': 6005.05, 'var': 36060606.06, '2025-06-10.1': 12000.0, '2025-06-09.2': 10000.0, '2025-06-07.2': 10000.0, '2025-06-07.1': 10000.0, '2025-06-02.1': 10000.0, '2025-05-31.2': 15000.0, '2025-05-29.1': 15000.0, '2025-05-28.1': 30000.0, '2025-05-27.1': 18000.0, '2025-05-26.2': 20000.0, '2025-05-24.2': 12000.0, '2025-05-23.1': 10000.0}
Legplates of Carnage {'avg': 14333.33, 'stdev': 6860.52, 'var': 47066666.67, '2025-06-10.1': 13000.0, '2025-06-09.1': 10000.0, '2025-06-06.2': 15000.0, '2025-05-30.1': 14000.0, '2025-05-28.1': 27000.0, '2025-05-26.2': 7000.0}
Crystal Webbed Robe {'avg': 1000.0, 'stdev': 0.0, 'var': 0.0, '2025-06-10.1': 1000.0, '2025-06-03.1': 1000.0, '2025-06-02.1': 1000.0}
Seal of the Damned {'avg': 3750.0, 'stdev': 462.91, 'var': 214285.71, '2025-06-10.1': 3500.0, '2025-06-09.1': 3500.0, '2025-06-07.2': 4500.0, '2025-06-06.1': 3500.0, '2025-06-05.1': 3500.0, '2025-06-03.1': 3500.0, '2025-05-31.2': 3500.0, '2025-05-31.1': 4500.0}
Desecrated Gauntlets {'avg': 2083.33, 'stdev': 288.68, 'var': 83333.33, '2025-06-10.1': 2000.0, '2025-06-09.1': 2000.0, '2025-06-07.2': 2000.0, '2025-06-03.1': 2000.0, '2025-05-31.2': 2000.0, '2025-05-31.1': 2000.0, '2025-05-30.1': 2000.0, '2025-05-29.2': 2000.0, '2025-05-27.1': 2000.0, '2025-05-26.2': 2000.0, '2025-05-26.1': 3000.0, '2025-05-25.1': 2000.0}
Fortitude of the Scourge {'avg': 2562.5, 'stdev': 176.78, 'var': 31250.0, '2025-06-10.1': 2500.0, '2025-06-05.1': 2500.0, '2025-06-04.1': 2500.0, '2025-05-30.2': 2500.0, '2025-05-30.1': 3000.0, '2025-05-27.1': 2500.0, '2025-05-26.1': 2500.0, '2025-05-25.1': 2500.0}
Word of Thawing {'avg': 971.2, 'stdev': 631.8, 'var': 399165.74, '2025-06-10.1': 969.0, '2025-06-09.2': 600.0, '2025-06-08.1': 1300.0, '2025-06-06.2': 1000.0, '2025-06-04.1': 500.0, '2025-06-03.1': 300.0, '2025-06-02.2': 800.0, '2025-05-31.2': 3000.0, '2025-05-29.2': 500.0, '2025-05-29.1': 700.0, '2025-05-27.1': 900.0, '2025-05-26.1': 1200.0, '2025-05-25.1': 1100.0, '2025-05-23.2': 600.0, '2025-05-23.1': 1099.0}
Glyph of Deflection {'avg': 625.0, 'stdev': 250.0, 'var': 62500.0, '2025-06-10.1': 500.0, '2025-06-04.1': 1000.0, '2025-05-31.1': 500.0, '2025-05-27.1': 500.0}
Sapphiron's Left Eye {'avg': 6000.0, 'stdev': 2000.0, 'var': 4000000.0, '2025-06-10.1': 5000.0, '2025-06-09.1': 5000.0, '2025-06-01.1': 6000.0, '2025-05-31.2': 5000.0, '2025-05-28.1': 5000.0, '2025-05-26.2': 10000.0}
Desecrated Bracers {'avg': 2153.85, 'stdev': 375.53, 'var': 141025.64, '2025-06-10.1': 2000.0, '2025-06-07.2': 2000.0, '2025-06-06.1': 2000.0, '2025-06-05.1': 2000.0, '2025-06-04.1': 2000.0, '2025-06-03.1': 2000.0, '2025-06-02.2': 2000.0, '2025-05-30.2': 2000.0, '2025-05-29.1': 3000.0, '2025-05-28.1': 2000.0, '2025-05-27.1': 3000.0, '2025-05-24.2': 2000.0, '2025-05-23.2': 2000.0}
The Hungering Cold {'avg': 74857.14, 'stdev': 11824.11, 'var': 139809523.81, '2025-06-10.1': 76000.0, '2025-06-09.1': 60000.0, '2025-06-08.1': 67000.0, '2025-05-28.1': 90000.0, '2025-05-25.1': 73000.0, '2025-05-24.2': 91000.0, '2025-05-23.1': 67000.0}
Desecrated Breastplate {'avg': 3071.43, 'stdev': 267.26, 'var': 71428.57, '2025-06-10.1': 3000.0, '2025-06-09.2': 3000.0, '2025-06-09.1': 3000.0, '2025-06-06.2': 3000.0, '2025-06-06.1': 3000.0, '2025-06-05.2': 3000.0, '2025-06-02.1': 3000.0, '2025-05-31.2': 3000.0, '2025-05-29.1': 3000.0, '2025-05-27.1': 3000.0, '2025-05-26.2': 3000.0, '2025-05-26.1': 4000.0, '2025-05-24.2': 3000.0, '2025-05-23.2': 3000.0}
Desecrated Legplates {'avg': 2100.0, 'stdev': 316.23, 'var': 100000.0, '2025-06-09.2': 2000.0, '2025-06-07.2': 2000.0, '2025-06-02.1': 2000.0, '2025-05-29.1': 3000.0, '2025-05-27.1': 2000.0, '2025-05-26.2': 2000.0, '2025-05-26.1': 2000.0, '2025-05-25.1': 2000.0, '2025-05-24.2': 2000.0, '2025-05-23.1': 2000.0}
Kingsfall {'avg': 19785.71, 'stdev': 4357.53, 'var': 18988095.24, '2025-06-09.2': 18000.0, '2025-06-03.1': 21000.0, '2025-06-01.1': 14500.0, '2025-05-31.1': 17000.0, '2025-05-29.1': 17000.0, '2025-05-26.2': 25000.0, '2025-05-23.2': 26000.0}
Granite Ring of the Bear {'avg': 3.0, 'stdev': 0, 'var': 0, '2025-06-09.2': 3.0}
The Plague Bearer {'avg': 2500.0, 'stdev': 0, 'var': 0, '2025-06-09.2': 2500.0}
Boots of Displacement {'avg': 1500.0, 'stdev': 577.35, 'var': 333333.33, '2025-06-09.2': 2000.0, '2025-06-05.1': 2000.0, '2025-05-31.2': 1000.0, '2025-05-29.1': 1000.0}
Shroud of Dominion {'avg': 14500.0, 'stdev': 3295.02, 'var': 10857142.86, '2025-06-09.2': 12000.0, '2025-06-05.1': 18000.0, '2025-06-03.1': 13000.0, '2025-06-01.1': 10000.0, '2025-05-31.2': 16000.0, '2025-05-29.1': 20000.0, '2025-05-28.1': 13000.0, '2025-05-24.2': 14000.0}
Ring of Redemption {'avg': 3500.0, 'stdev': 0.0, 'var': 0.0, '2025-06-09.2': 3500.0, '2025-06-09.1': 3500.0}
Desecrated Wristguards {'avg': 2000.0, 'stdev': 0.0, 'var': 0.0, '2025-06-09.2': 2000.0, '2025-06-05.2': 2000.0, '2025-06-02.2': 2000.0, '2025-05-29.2': 2000.0, '2025-05-26.2': 2000.0, '2025-05-26.1': 2000.0, '2025-05-24.1': 2000.0}
The Castigator {'avg': 12500.5, 'stdev': 3534.83, 'var': 12495000.5, '2025-06-09.1': 15000.0, '2025-05-23.2': 10001.0}
Desecrated Tunic {'avg': 3250.0, 'stdev': 612.37, 'var': 375000.0, '2025-06-09.1': 3000.0, '2025-06-08.1': 3000.0, '2025-06-06.1': 3000.0, '2025-06-05.1': 3000.0, '2025-05-29.2': 3000.0, '2025-05-26.1': 4500.0}
Desecrated Gloves {'avg': 2400.0, 'stdev': 894.43, 'var': 800000.0, '2025-06-09.1': 2000.0, '2025-06-06.1': 2000.0, '2025-06-03.1': 2000.0, '2025-05-28.1': 4000.0, '2025-05-24.1': 2000.0}
Shield of Condemnation {'avg': 9000.0, 'stdev': 6928.2, 'var': 48000000.0, '2025-06-09.1': 5000.0, '2025-06-08.1': 17000.0, '2025-06-06.1': 5000.0}
Necro-Knight's Garb {'avg': 1000.0, 'stdev': 0.0, 'var': 0.0, '2025-06-09.1': 1000.0, '2025-06-02.1': 1000.0, '2025-05-31.1': 1000.0, '2025-05-30.2': 1000.0, '2025-05-28.1': 1000.0}
Eternium Lockbox {'avg': 944.79, 'stdev': 176.84, 'var': 31274.03, '2025-06-09.1': 1000.0, '2025-06-07.2': 999.0, '2025-06-06.1': 800.0, '2025-06-05.2': 900.0, '2025-06-05.1': 977.0, '2025-06-02.1': 800.0, '2025-06-01.1': 888.0, '2025-05-31.1': 900.0, '2025-05-30.1': 1000.0, '2025-05-28.1': 763.0, '2025-05-26.2': 1200.0, '2025-05-25.1': 600.0, '2025-05-24.2': 1200.0, '2025-05-24.1': 1200.0}
Desecrated Leggings {'avg': 2000.0, 'stdev': 0.0, 'var': 0.0, '2025-06-09.1': 2000.0, '2025-06-06.1': 2000.0, '2025-06-05.1': 2000.0, '2025-06-03.1': 2000.0}
Band of Unnatural Forces {'avg': 25600.0, 'stdev': 6228.96, 'var': 38800000.0, '2025-06-09.1': 23000.0, '2025-06-02.2': 25000.0, '2025-05-31.1': 18000.0, '2025-05-29.2': 27000.0, '2025-05-26.1': 35000.0}
Desecrated Circlet {'avg': 2550.0, 'stdev': 158.11, 'var': 25000.0, '2025-06-09.1': 2500.0, '2025-06-07.2': 2500.0, '2025-06-06.2': 2500.0, '2025-06-05.1': 2500.0, '2025-06-04.1': 2500.0, '2025-06-02.2': 2500.0, '2025-05-31.2': 2500.0, '2025-05-29.1': 3000.0, '2025-05-28.1': 2500.0, '2025-05-25.1': 2500.0}
Band of the Inevitable {'avg': 2666.67, 'stdev': 288.68, 'var': 83333.33, '2025-06-09.1': 2500.0, '2025-06-07.2': 2500.0, '2025-05-31.2': 3000.0}
Kiss of the Spider {'avg': 49700.0, 'stdev': 5396.5, 'var': 29122222.22, '2025-06-09.1': 49000.0, '2025-06-08.1': 55000.0, '2025-06-07.1': 50000.0, '2025-06-06.2': 40000.0, '2025-06-04.1': 50000.0, '2025-06-01.1': 46000.0, '2025-05-30.2': 44000.0, '2025-05-30.1': 50000.0, '2025-05-23.2': 57000.0, '2025-05-23.1': 56000.0}
Cryptfiend Silk Cloak {'avg': 2000.0, 'stdev': 0.0, 'var': 0.0, '2025-06-09.1': 2000.0, '2025-06-01.1': 2000.0, '2025-05-28.1': 2000.0}
Desecrated Belt {'avg': 3000.0, 'stdev': 1581.14, 'var': 2500000.0, '2025-06-09.1': 2000.0, '2025-06-06.2': 2000.0, '2025-06-03.1': 2000.0, '2025-06-01.1': 4000.0, '2025-05-31.2': 5000.0, '2025-05-31.1': 2000.0, '2025-05-29.1': 2000.0, '2025-05-28.1': 6000.0, '2025-05-25.1': 2000.0}
Desecrated Waistguard {'avg': 2312.5, 'stdev': 703.94, 'var': 495535.71, '2025-06-09.1': 2000.0, '2025-06-08.1': 2000.0, '2025-06-07.2': 2000.0, '2025-06-06.2': 2000.0, '2025-05-31.2': 4000.0, '2025-05-27.1': 2000.0, '2025-05-26.1': 2500.0, '2025-05-24.2': 2000.0}
Desecrated Bindings {'avg': 2428.57, 'stdev': 786.8, 'var': 619047.62, '2025-06-09.1': 2000.0, '2025-06-07.2': 2000.0, '2025-06-06.2': 2000.0, '2025-06-05.1': 2000.0, '2025-06-04.1': 3000.0, '2025-05-31.2': 2000.0, '2025-05-28.1': 4000.0}
Glacial Mantle {'avg': 500.0, 'stdev': 0.0, 'var': 0.0, '2025-06-09.1': 500.0, '2025-06-04.1': 500.0}
Desecrated Helmet {'avg': 4055.56, 'stdev': 4134.04, 'var': 17090277.78, '2025-06-09.1': 2500.0, '2025-06-05.2': 2500.0, '2025-06-05.1': 15000.0, '2025-06-04.1': 4000.0, '2025-06-03.1': 2500.0, '2025-06-02.2': 2500.0, '2025-05-31.1': 2500.0, '2025-05-29.2': 2500.0, '2025-05-24.2': 2500.0}
Desecrated Sandals {'avg': 2333.33, 'stdev': 1000.0, 'var': 1000000.0, '2025-06-09.1': 2000.0, '2025-06-07.2': 2000.0, '2025-06-05.1': 2000.0, '2025-06-04.1': 2000.0, '2025-06-03.1': 2000.0, '2025-05-31.2': 2000.0, '2025-05-28.1': 5000.0, '2025-05-27.1': 2000.0, '2025-05-24.1': 2000.0}
Desecrated Spaulders {'avg': 2000.0, 'stdev': 0.0, 'var': 0.0, '2025-06-09.1': 2000.0, '2025-06-08.1': 2000.0, '2025-06-03.1': 2000.0, '2025-05-28.1': 2000.0}
Claw of the Frost Wyrm {'avg': 9166.67, 'stdev': 1940.79, 'var': 3766666.67, '2025-06-09.1': 8000.0, '2025-06-07.2': 13000.0, '2025-06-07.1': 9000.0, '2025-06-06.2': 9000.0, '2025-06-02.1': 8000.0, '2025-05-25.1': 8000.0}
Sadist's Collar {'avg': 7666.67, 'stdev': 3559.03, 'var': 12666666.67, '2025-06-09.1': 5000.0, '2025-06-07.2': 9000.0, '2025-06-05.2': 5000.0, '2025-06-02.1': 8000.0, '2025-05-28.1': 5000.0, '2025-05-23.1': 14000.0}
Wand of Fates {'avg': 5071.43, 'stdev': 1017.7, 'var': 1035714.29, '2025-06-09.1': 5000.0, '2025-06-05.1': 5000.0, '2025-06-04.1': 3500.0, '2025-06-03.1': 5000.0, '2025-05-31.1': 7000.0, '2025-05-29.2': 5000.0, '2025-05-25.1': 5000.0}
Pauldrons of Transcendence {'avg': 500.0, 'stdev': 0, 'var': 0, '2025-06-08.1': 500.0}
Kalimdor's Revenge {'avg': 500.0, 'stdev': 0.0, 'var': 0.0, '2025-06-08.1': 500.0, '2025-06-05.1': 500.0}
Head of Nefarian {'avg': 2333.33, 'stdev': 1154.7, 'var': 1333333.33, '2025-06-08.1': 1500.0, '2025-06-07.1': 2000.0, '2025-06-06.2': 3500.0, '2025-06-06.1': 4000.0, '2025-06-04.1': 1000.0, '2025-06-01.1': 1500.0, '2025-05-31.1': 2500.0, '2025-05-30.2': 1000.0, '2025-05-30.1': 2500.0, '2025-05-28.1': 4500.0, '2025-05-25.1': 2500.0, '2025-05-24.1': 1500.0}
Bindings of the Windseeker {'avg': 90000.0, 'stdev': 0, 'var': 0, '2025-06-08.1': 90000.0}
Boots of the Fallen Hero {'avg': 7666.67, 'stdev': 3055.05, 'var': 9333333.33, '2025-06-08.1': 11000.0, '2025-06-01.1': 5000.0, '2025-05-28.1': 7000.0}
Scarab Brooch {'avg': 1750.0, 'stdev': 500.0, 'var': 250000.0, '2025-06-08.1': 1500.0, '2025-05-29.1': 2500.0, '2025-05-25.1': 1500.0, '2025-05-24.1': 1500.0}
Nexus Crystal {'avg': 891.0, 'stdev': 300.11, 'var': 90067.0, '2025-06-08.1': 1100.0, '2025-06-07.1': 500.0, '2025-06-06.1': 1000.0, '2025-06-04.1': 700.0, '2025-05-31.1': 600.0, '2025-05-30.1': 1337.0, '2025-05-24.1': 1000.0}
Ring of the Godslayer {'avg': 6000.0, 'stdev': 2121.32, 'var': 4500000.0, '2025-06-08.1': 7500.0, '2025-05-31.1': 4500.0}
Prestor's Talisman of Connivery {'avg': 14250.0, 'stdev': 9545.94, 'var': 91125000.0, '2025-06-08.1': 7500.0, '2025-06-04.1': 21000.0}
Barbed Choker {'avg': 7500.0, 'stdev': 0, 'var': 0, '2025-06-08.1': 7500.0}
Angelista's Touch {'avg': 500.0, 'stdev': 0.0, 'var': 0.0, '2025-06-08.1': 500.0, '2025-05-24.1': 500.0}
Circle of Applied Force {'avg': 14698.5, 'stdev': 3816.26, 'var': 14563804.5, '2025-06-08.1': 12000.0, '2025-05-30.2': 17397.0}
Badge of the Swarmguard {'avg': 35333.33, 'stdev': 5507.57, 'var': 30333333.33, '2025-06-08.1': 41000.0, '2025-06-05.1': 35000.0, '2025-05-25.1': 30000.0}
Necklace of Purity {'avg': 300.0, 'stdev': 0.0, 'var': 0.0, '2025-06-08.1': 300.0, '2025-06-07.1': 300.0, '2025-05-28.1': 300.0}
Bracers of Arcane Accuracy {'avg': 3166.67, 'stdev': 2466.44, 'var': 6083333.33, '2025-06-08.1': 2000.0, '2025-05-30.2': 1500.0, '2025-05-24.1': 6000.0}
Judgement Bindings {'avg': 750.0, 'stdev': 353.55, 'var': 125000.0, '2025-06-08.1': 500.0, '2025-06-06.2': 1000.0}
Bloodfang Chestpiece {'avg': 1200.0, 'stdev': 989.95, 'var': 980000.0, '2025-06-08.1': 500.0, '2025-05-25.1': 1900.0}
Desecrated Boots {'avg': 2142.86, 'stdev': 377.96, 'var': 142857.14, '2025-06-08.1': 2000.0, '2025-06-06.2': 2000.0, '2025-06-05.2': 2000.0, '2025-06-05.1': 2000.0, '2025-05-30.1': 2000.0, '2025-05-26.1': 3000.0, '2025-05-23.2': 2000.0}
Soulstring {'avg': 8458.25, 'stdev': 2462.04, 'var': 6061658.79, '2025-06-08.1': 9000.0, '2025-06-07.1': 5000.0, '2025-06-05.2': 12000.0, '2025-06-04.1': 10000.0, '2025-06-01.1': 7666.0, '2025-05-26.1': 9000.0, '2025-05-25.1': 5000.0, '2025-05-24.1': 10000.0}
Icy Scale Coif {'avg': 500.0, 'stdev': 0.0, 'var': 0.0, '2025-06-08.1': 500.0, '2025-06-07.2': 500.0, '2025-06-05.2': 500.0, '2025-05-31.2': 500.0}
Power of the Scourge {'avg': 2750.0, 'stdev': 790.57, 'var': 625000.0, '2025-06-08.1': 2500.0, '2025-06-07.2': 2500.0, '2025-06-07.1': 2500.0, '2025-06-06.1': 2500.0, '2025-06-05.1': 2500.0, '2025-05-31.1': 2500.0, '2025-05-28.1': 2500.0, '2025-05-25.1': 2500.0, '2025-05-24.2': 2500.0, '2025-05-23.2': 5000.0}
Ghoul Skin Tunic {'avg': 5625.0, 'stdev': 1060.66, 'var': 1125000.0, '2025-06-08.1': 5000.0, '2025-06-07.2': 5000.0, '2025-06-02.2': 5000.0, '2025-06-02.1': 6000.0, '2025-05-30.2': 6000.0, '2025-05-25.1': 5000.0, '2025-05-24.2': 8000.0, '2025-05-24.1': 5000.0}
The Widow's Embrace {'avg': 5000.0, 'stdev': 0.0, 'var': 0.0, '2025-06-08.1': 5000.0, '2025-06-06.1': 5000.0, '2025-05-30.2': 5000.0, '2025-05-29.2': 5000.0}
Desecrated Sabatons {'avg': 2000.0, 'stdev': 0.0, 'var': 0.0, '2025-06-08.1': 2000.0, '2025-06-07.2': 2000.0, '2025-06-05.1': 2000.0, '2025-06-02.1': 2000.0, '2025-05-31.2': 2000.0, '2025-05-31.1': 2000.0, '2025-05-30.1': 2000.0, '2025-05-26.2': 2000.0, '2025-05-26.1': 2000.0, '2025-05-24.2': 2000.0, '2025-05-23.1': 2000.0}
Desecrated Robe {'avg': 3000.0, 'stdev': 0.0, 'var': 0.0, '2025-06-08.1': 3000.0, '2025-06-06.2': 3000.0, '2025-06-04.1': 3000.0, '2025-06-03.1': 3000.0, '2025-05-28.1': 3000.0, '2025-05-27.1': 3000.0, '2025-05-24.1': 3000.0}
The Phylactery of Kel'Thuzad {'avg': 5166.67, 'stdev': 383.48, 'var': 147058.82, '2025-06-08.1': 5000.0, '2025-06-06.1': 5000.0, '2025-06-05.2': 5000.0, '2025-06-05.1': 5000.0, '2025-06-04.1': 5000.0, '2025-06-03.1': 5000.0, '2025-06-02.2': 5000.0, '2025-06-02.1': 5000.0, '2025-05-31.2': 5000.0, '2025-05-31.1': 5000.0, '2025-05-29.2': 5000.0, '2025-05-28.1': 5000.0, '2025-05-27.1': 6000.0, '2025-05-26.2': 6000.0, '2025-05-26.1': 5000.0, '2025-05-25.1': 5000.0, '2025-05-23.2': 6000.0, '2025-05-23.1': 5000.0}
Glacial Headdress {'avg': 500.0, 'stdev': 0.0, 'var': 0.0, '2025-06-08.1': 500.0, '2025-06-07.1': 500.0, '2025-05-27.1': 500.0, '2025-05-26.2': 500.0, '2025-05-26.1': 500.0}
Ring of Spiritual Fervor {'avg': 500.0, 'stdev': 0.0, 'var': 0.0, '2025-06-08.1': 500.0, '2025-05-28.1': 500.0}
Desecrated Legguards {'avg': 2000.0, 'stdev': 0.0, 'var': 0.0, '2025-06-08.1': 2000.0, '2025-06-06.2': 2000.0, '2025-06-06.1': 2000.0, '2025-06-05.1': 2000.0, '2025-06-03.1': 2000.0, '2025-05-26.1': 2000.0, '2025-05-24.1': 2000.0}
Desecrated Girdle {'avg': 2214.29, 'stdev': 566.95, 'var': 321428.57, '2025-06-08.1': 3500.0, '2025-06-06.1': 2000.0, '2025-06-05.2': 2000.0, '2025-06-03.1': 2000.0, '2025-05-30.1': 2000.0, '2025-05-26.2': 2000.0, '2025-05-26.1': 2000.0}
Plated Abomination Ribcage {'avg': 11200.0, 'stdev': 4589.84, 'var': 21066666.67, '2025-06-08.1': 8000.0, '2025-06-07.2': 15000.0, '2025-06-07.1': 22000.0, '2025-06-06.2': 6000.0, '2025-06-06.1': 10000.0, '2025-05-31.2': 11000.0, '2025-05-30.2': 7000.0, '2025-05-30.1': 10000.0, '2025-05-27.1': 11000.0, '2025-05-26.1': 12000.0}
Cloak of the Necropolis {'avg': 13000.0, 'stdev': 7382.41, 'var': 54500000.0, '2025-06-08.1': 7000.0, '2025-06-05.2': 7000.0, '2025-06-04.1': 24000.0, '2025-05-29.2': 17000.0, '2025-05-29.1': 10000.0}
Might of the Scourge {'avg': 10500.0, 'stdev': 1870.83, 'var': 3500000.0, '2025-06-08.1': 11000.0, '2025-06-07.2': 10000.0, '2025-06-06.1': 10000.0, '2025-06-03.1': 9000.0, '2025-06-02.1': 13000.0, '2025-06-01.1': 11500.0, '2025-05-31.2': 11000.0, '2025-05-29.2': 9000.0, '2025-05-28.1': 15000.0, '2025-05-26.2': 10000.0, '2025-05-24.2': 10000.0, '2025-05-24.1': 9000.0, '2025-05-23.2': 8000.0}
Slayer's Crest {'avg': 41714.29, 'stdev': 4715.73, 'var': 22238095.24, '2025-06-08.1': 43000.0, '2025-06-06.1': 41000.0, '2025-06-05.2': 51000.0, '2025-06-02.2': 37000.0, '2025-05-30.2': 37000.0, '2025-05-29.2': 41000.0, '2025-05-23.1': 42000.0}
Band of Reanimation {'avg': 3500.0, 'stdev': 1154.7, 'var': 1333333.33, '2025-06-08.1': 2500.0, '2025-05-31.2': 4500.0, '2025-05-26.2': 4500.0, '2025-05-23.2': 2500.0}
Gauntlets of Annihilation {'avg': 42500.0, 'stdev': 10606.6, 'var': 112500000.0, '2025-06-07.1': 35000.0, '2025-06-01.1': 50000.0}
Cloak of Untold Secrets {'avg': 1000.0, 'stdev': 0, 'var': 0, '2025-06-07.1': 1000.0}
Silithid Carapace Chestguard {'avg': 500.0, 'stdev': 0, 'var': 0, '2025-06-07.1': 500.0}
Eyestalk Waist Cord {'avg': 6333.33, 'stdev': 1154.7, 'var': 1333333.33, '2025-06-07.1': 7000.0, '2025-05-25.1': 7000.0, '2025-05-24.1': 5000.0}
Red Qiraji Resonating Crystal {'avg': 420.0, 'stdev': 0.0, 'var': 0.0, '2025-06-07.1': 420.0, '2025-06-05.1': 420.0, '2025-05-25.1': 420.0}
Triad Girdle {'avg': 4500.0, 'stdev': 816.5, 'var': 666666.67, '2025-06-07.1': 5500.0, '2025-06-05.1': 4500.0, '2025-05-27.1': 4500.0, '2025-05-24.1': 3500.0}
Ooze-ridden Gauntlets {'avg': 400.0, 'stdev': 0, 'var': 0, '2025-06-07.1': 400.0}
Larvae of the Great Worm {'avg': 6500.0, 'stdev': 2828.43, 'var': 8000000.0, '2025-06-07.1': 8500.0, '2025-05-29.1': 4500.0}
Amulet of Foul Warding {'avg': 300.0, 'stdev': 0.0, 'var': 0.0, '2025-06-07.1': 300.0, '2025-06-03.1': 300.0, '2025-05-31.1': 300.0}
Royal Scepter of Vek'lor {'avg': 2500.0, 'stdev': 0, 'var': 0, '2025-06-07.1': 2500.0}
Creeping Vine Helm {'avg': 300.0, 'stdev': 0, 'var': 0, '2025-06-07.1': 300.0}
Imperial Qiraji Armaments {'avg': 3000.0, 'stdev': 500.0, 'var': 250000.0, '2025-06-07.1': 3000.0, '2025-05-31.1': 3500.0, '2025-05-27.1': 2500.0}
Toxin Injector {'avg': 1500.0, 'stdev': 0.0, 'var': 0.0, '2025-06-07.2': 1500.0, '2025-06-05.2': 1500.0, '2025-05-31.1': 1500.0, '2025-05-30.2': 1500.0, '2025-05-29.2': 1500.0, '2025-05-27.1': 1500.0, '2025-05-26.1': 1500.0}
Wraith Blade {'avg': 12200.0, 'stdev': 3346.64, 'var': 11200000.0, '2025-06-07.2': 15000.0, '2025-06-02.2': 10000.0, '2025-05-31.1': 12000.0, '2025-05-28.1': 8000.0, '2025-05-26.2': 16000.0}
Nerubian Slavemaker {'avg': 16500.0, 'stdev': 4135.21, 'var': 17100000.0, '2025-06-07.2': 15000.0, '2025-06-07.1': 20000.0, '2025-06-06.2': 14000.0, '2025-06-05.2': 15000.0, '2025-06-04.1': 23000.0, '2025-05-29.2': 12000.0}
Bonescythe Ring {'avg': 5000.0, 'stdev': 1673.32, 'var': 2800000.0, '2025-06-07.2': 8000.0, '2025-06-07.1': 4000.0, '2025-06-05.1': 6000.0, '2025-06-02.1': 4000.0, '2025-05-29.1': 4000.0, '2025-05-26.2': 4000.0}
Ring of the Eternal Flame {'avg': 4750.0, 'stdev': 957.43, 'var': 916666.67, '2025-06-07.2': 6000.0, '2025-05-31.1': 5000.0, '2025-05-28.1': 4000.0, '2025-05-27.1': 4000.0}
Eye of the Dead {'avg': 16500.0, 'stdev': 4509.25, 'var': 20333333.33, '2025-06-07.2': 19000.0, '2025-05-31.1': 10000.0, '2025-05-30.2': 20000.0, '2025-05-25.1': 17000.0}
Desecrated Shoulderpads {'avg': 2400.0, 'stdev': 894.43, 'var': 800000.0, '2025-06-07.2': 2000.0, '2025-06-06.1': 2000.0, '2025-06-01.1': 4000.0, '2025-05-31.2': 2000.0, '2025-05-24.1': 2000.0}
Polar Shoulder Pads {'avg': 550.0, 'stdev': 70.71, 'var': 5000.0, '2025-06-07.2': 500.0, '2025-05-23.2': 600.0}
Signet of the Fallen Defender {'avg': 1000.0, 'stdev': 0, 'var': 0, '2025-06-07.1': 1000.0}
Band of Unanswered Prayers {'avg': 7000.0, 'stdev': 1673.32, 'var': 2800000.0, '2025-06-07.1': 5000.0, '2025-05-30.2': 9000.0, '2025-05-27.1': 7000.0, '2025-05-26.2': 8000.0, '2025-05-24.1': 8000.0, '2025-05-23.1': 5000.0}
Misplaced Servo Arm {'avg': 9666.67, 'stdev': 2081.67, 'var': 4333333.33, '2025-06-07.1': 8000.0, '2025-06-02.2': 12000.0, '2025-06-02.1': 9000.0}
Wartorn Cloth Scrap {'avg': 500.0, 'stdev': 0, 'var': 0, '2025-06-07.1': 500.0}
Necklace of Necropsy {'avg': 4500.0, 'stdev': 0.0, 'var': 0.0, '2025-06-07.1': 4500.0, '2025-05-31.1': 4500.0, '2025-05-26.1': 4500.0}
The Restrained Essence of Sapphiron {'avg': 11400.0, 'stdev': 1949.36, 'var': 3800000.0, '2025-06-07.1': 10000.0, '2025-06-06.1': 14000.0, '2025-06-05.1': 13000.0, '2025-05-23.2': 10000.0, '2025-05-23.1': 10000.0}
Giantstalker's Gloves {'avg': 200.0, 'stdev': 0, 'var': 0, '2025-06-07.1': 200.0}
Styleen's Impeding Scarab {'avg': 1000.0, 'stdev': 0.0, 'var': 0.0, '2025-06-07.1': 1000.0, '2025-06-06.2': 1000.0}
Tome of Tranquilizing Shot {'avg': 200.0, 'stdev': 0.0, 'var': 0.0, '2025-06-07.1': 200.0, '2025-05-31.1': 200.0}
Judgement Gauntlets {'avg': 500.0, 'stdev': 0, 'var': 0, '2025-06-07.1': 500.0}
Helm of Might {'avg': 200.0, 'stdev': 0, 'var': 0, '2025-06-07.1': 200.0}
Mark of C'Thun {'avg': 3666.67, 'stdev': 1527.53, 'var': 2333333.33, '2025-06-07.1': 2000.0, '2025-05-31.1': 4000.0, '2025-05-27.1': 5000.0}
Dragonstalker's Bracers {'avg': 500.0, 'stdev': 0.0, 'var': 0.0, '2025-06-07.1': 500.0, '2025-05-31.1': 500.0}
Sabatons of Might {'avg': 200.0, 'stdev': 0.0, 'var': 0.0, '2025-06-07.1': 200.0, '2025-05-31.1': 200.0}
Pauldrons of Might {'avg': 200.0, 'stdev': 0, 'var': 0, '2025-06-07.1': 200.0}
Maladath Runed Blade of the Black Flight {'avg': 6000.0, 'stdev': 0, 'var': 0, '2025-06-07.1': 6000.0}
Netherwind Belt {'avg': 550.0, 'stdev': 70.71, 'var': 5000.0, '2025-06-07.1': 500.0, '2025-05-30.2': 600.0}
Wristguards of True Flight {'avg': 300.0, 'stdev': 0, 'var': 0, '2025-06-07.1': 300.0}
Belt of Might {'avg': 200.0, 'stdev': 141.42, 'var': 20000.0, '2025-06-07.1': 100.0, '2025-05-30.1': 300.0}
Belt of Never-ending Agony {'avg': 9250.0, 'stdev': 2474.87, 'var': 6125000.0, '2025-06-07.1': 7500.0, '2025-06-03.1': 11000.0}
Legplates of Might {'avg': 200.0, 'stdev': 0.0, 'var': 0.0, '2025-06-07.1': 200.0, '2025-05-31.1': 200.0}
Mantle of Wicked Revenge {'avg': 8750.0, 'stdev': 1500.0, 'var': 2250000.0, '2025-06-07.1': 7000.0, '2025-05-31.1': 10000.0, '2025-05-28.1': 10000.0, '2025-05-27.1': 8000.0}
Elementium Threaded Cloak {'avg': 500.0, 'stdev': 0, 'var': 0, '2025-06-07.1': 500.0}
Scrolls of Blinding Light {'avg': 3750.0, 'stdev': 1767.77, 'var': 3125000.0, '2025-06-07.1': 2500.0, '2025-06-06.2': 5000.0}
Sulfuron Ingot {'avg': 520.0, 'stdev': 44.72, 'var': 2000.0, '2025-06-07.1': 500.0, '2025-06-06.1': 500.0, '2025-05-31.1': 600.0, '2025-05-30.1': 500.0, '2025-05-24.1': 500.0}
Hyperthermically Insulated Lava Dredger {'avg': 200.0, 'stdev': 0, 'var': 0, '2025-06-07.1': 200.0}
Bonereaver's Edge {'avg': 7500.0, 'stdev': 0, 'var': 0, '2025-06-07.1': 7500.0}
Bracelets of Wrath {'avg': 533.33, 'stdev': 57.74, 'var': 3333.33, '2025-06-07.1': 500.0, '2025-06-04.1': 500.0, '2025-05-25.1': 600.0}
Neltharion's Tear {'avg': 19000.0, 'stdev': 8485.28, 'var': 72000000.0, '2025-06-07.1': 25000.0, '2025-05-28.1': 13000.0}
Breastplate of Might {'avg': 200.0, 'stdev': 0, 'var': 0, '2025-06-07.1': 200.0}
Ancient Petrified Leaf {'avg': 300.0, 'stdev': 0.0, 'var': 0.0, '2025-06-07.1': 300.0, '2025-05-31.1': 300.0}
Lawbringer Boots {'avg': 200.0, 'stdev': 0, 'var': 0, '2025-06-07.1': 200.0}
Don Rigoberto's Lost Hat {'avg': 2000.0, 'stdev': 866.03, 'var': 750000.0, '2025-06-07.1': 1500.0, '2025-06-01.1': 1500.0, '2025-05-31.1': 3000.0}
Bracers of Might {'avg': 100.0, 'stdev': 0, 'var': 0, '2025-06-07.1': 100.0}
Shadowstrike {'avg': 200.0, 'stdev': 0, 'var': 0, '2025-06-07.1': 200.0}
Doom's Edge {'avg': 500.0, 'stdev': 0, 'var': 0, '2025-06-07.1': 500.0}
Ring of Emperor Vek'lor {'avg': 1500.0, 'stdev': 0.0, 'var': 0.0, '2025-06-07.1': 1500.0, '2025-05-24.1': 1500.0}
Flameguard Gauntlets {'avg': 1000.0, 'stdev': 0, 'var': 0, '2025-06-07.1': 1000.0}
Obsidian Edged Blade {'avg': 300.0, 'stdev': 0, 'var': 0, '2025-06-07.1': 300.0}
Dragonbreath Hand Cannon {'avg': 1000.0, 'stdev': 0.0, 'var': 0.0, '2025-06-07.1': 1000.0, '2025-06-04.1': 1000.0}
Therazane's Link {'avg': 500.0, 'stdev': 0.0, 'var': 0.0, '2025-06-06.2': 500.0, '2025-05-31.1': 500.0}
Nemesis Gloves {'avg': 500.0, 'stdev': 0.0, 'var': 0.0, '2025-06-06.2': 500.0, '2025-06-01.1': 500.0, '2025-05-30.1': 500.0}
Chromatically Tempered Sword {'avg': 22250.0, 'stdev': 10960.16, 'var': 120125000.0, '2025-06-06.2': 14500.0, '2025-05-28.1': 30000.0}
Robes of Transcendence {'avg': 500.0, 'stdev': 0, 'var': 0, '2025-06-06.2': 500.0}
Elementium Ore {'avg': 633.0, 'stdev': 46.67, 'var': 2178.0, '2025-06-06.2': 600.0, '2025-05-30.2': 666.0}
Flamewaker Legplates {'avg': 200.0, 'stdev': 0, 'var': 0, '2025-06-06.2': 200.0}
Arcanist Belt {'avg': 233.33, 'stdev': 57.74, 'var': 3333.33, '2025-06-06.2': 200.0, '2025-06-06.1': 200.0, '2025-05-28.1': 300.0}
Crul'shorukh Edge of Chaos {'avg': 3500.0, 'stdev': 2121.32, 'var': 4500000.0, '2025-06-06.2': 5000.0, '2025-05-30.1': 2000.0}
Judgement Spaulders {'avg': 500.0, 'stdev': 0, 'var': 0, '2025-06-06.2': 500.0}
Boots of Pure Thought {'avg': 13000.0, 'stdev': 0, 'var': 0, '2025-06-06.2': 13000.0}
Mana Igniting Cord {'avg': 1500.0, 'stdev': 0, 'var': 0, '2025-06-06.2': 1500.0}
Lifegiving Gem {'avg': 5550.0, 'stdev': 777.82, 'var': 605000.0, '2025-06-06.2': 5000.0, '2025-06-06.1': 6100.0}
Rejuvenating Gem {'avg': 21666.67, 'stdev': 3511.88, 'var': 12333333.33, '2025-06-06.2': 25000.0, '2025-05-30.1': 18000.0, '2025-05-25.1': 22000.0}
Waistband of Wrath {'avg': 600.0, 'stdev': 0, 'var': 0, '2025-06-06.2': 600.0}
Desecrated Headpiece {'avg': 2916.67, 'stdev': 1020.62, 'var': 1041666.67, '2025-06-06.2': 2500.0, '2025-06-06.1': 2500.0, '2025-05-29.1': 2500.0, '2025-05-26.2': 2500.0, '2025-05-26.1': 2500.0, '2025-05-23.2': 5000.0}
Leggings of Apocalypse {'avg': 14500.0, 'stdev': 6363.96, 'var': 40500000.0, '2025-06-06.2': 19000.0, '2025-05-27.1': 10000.0}
Cloak of Suturing {'avg': 6750.0, 'stdev': 2390.46, 'var': 5714285.71, '2025-06-06.2': 5000.0, '2025-06-06.1': 5000.0, '2025-06-02.1': 6000.0, '2025-05-30.1': 5500.0, '2025-05-29.1': 5000.0, '2025-05-27.1': 10000.0, '2025-05-26.1': 11000.0, '2025-05-24.1': 6500.0}
Resilience of the Scourge {'avg': 2500.0, 'stdev': 0.0, 'var': 0.0, '2025-06-06.2': 2500.0, '2025-06-05.2': 2500.0, '2025-06-04.1': 2500.0, '2025-06-03.1': 2500.0, '2025-06-01.1': 2500.0, '2025-05-31.2': 2500.0, '2025-05-27.1': 2500.0}
Doomfinger {'avg': 6700.0, 'stdev': 2636.29, 'var': 6950000.0, '2025-06-06.2': 5000.0, '2025-06-05.1': 5000.0, '2025-06-02.2': 5000.0, '2025-06-01.1': 7500.0, '2025-05-26.1': 11000.0}
Desecrated Handguards {'avg': 2166.67, 'stdev': 408.25, 'var': 166666.67, '2025-06-06.2': 2000.0, '2025-06-06.1': 2000.0, '2025-05-31.1': 2000.0, '2025-05-29.2': 2000.0, '2025-05-26.2': 2000.0, '2025-05-26.1': 3000.0}
Gressil Dawn of Ruin {'avg': 84000.0, 'stdev': 13856.41, 'var': 192000000.0, '2025-06-06.1': 85000.0, '2025-06-05.1': 71000.0, '2025-06-02.2': 65000.0, '2025-05-31.2': 100000.0, '2025-05-30.1': 97000.0, '2025-05-27.1': 86000.0}
The Soul Harvester's Bindings {'avg': 5571.43, 'stdev': 975.9, 'var': 952380.95, '2025-06-06.1': 5000.0, '2025-06-04.1': 7000.0, '2025-05-31.1': 7000.0, '2025-05-30.2': 5000.0, '2025-05-29.2': 5000.0, '2025-05-25.1': 5000.0, '2025-05-24.2': 5000.0}
Iblis Blade of the Fallen Seraph {'avg': 16750.0, 'stdev': 4112.99, 'var': 16916666.67, '2025-06-06.1': 12000.0, '2025-06-05.2': 17000.0, '2025-06-03.1': 16000.0, '2025-05-26.1': 22000.0}
Cenarion Belt {'avg': 100.0, 'stdev': 0, 'var': 0, '2025-06-06.1': 100.0}
Boots of the Shadow Flame {'avg': 4000.0, 'stdev': 0, 'var': 0, '2025-06-06.1': 4000.0}
The Eye of Divinity {'avg': 300.0, 'stdev': 0, 'var': 0, '2025-06-06.1': 300.0}
Aged Core Leather Gloves {'avg': 2000.0, 'stdev': 0, 'var': 0, '2025-06-06.1': 2000.0}
Netherwind Mantle {'avg': 666.67, 'stdev': 288.68, 'var': 83333.33, '2025-06-06.1': 500.0, '2025-05-30.2': 1000.0, '2025-05-30.1': 500.0}
Lawbringer Belt {'avg': 133.33, 'stdev': 57.74, 'var': 3333.33, '2025-06-06.1': 100.0, '2025-05-30.1': 200.0, '2025-05-24.1': 100.0}
Legplates of Wrath {'avg': 650.0, 'stdev': 212.13, 'var': 45000.0, '2025-06-06.1': 800.0, '2025-05-31.1': 500.0}
Blastershot Launcher {'avg': 1500.0, 'stdev': 1414.21, 'var': 2000000.0, '2025-06-06.1': 2500.0, '2025-05-31.1': 500.0}
Arcanist Bindings {'avg': 200.0, 'stdev': 0, 'var': 0, '2025-06-06.1': 200.0}
Belt of Transcendence {'avg': 700.0, 'stdev': 0, 'var': 0, '2025-06-06.1': 700.0}
Circlet of Prophecy {'avg': 200.0, 'stdev': 0, 'var': 0, '2025-06-06.1': 200.0}
Felheart Belt {'avg': 100.0, 'stdev': 0.0, 'var': 0.0, '2025-06-06.1': 100.0, '2025-05-24.1': 100.0}
Arcanist Gloves {'avg': 200.0, 'stdev': 0, 'var': 0, '2025-06-06.1': 200.0}
Perdition's Blade {'avg': 2000.0, 'stdev': 0, 'var': 0, '2025-06-06.1': 2000.0}
Brutality Blade {'avg': 3500.0, 'stdev': 707.11, 'var': 500000.0, '2025-06-06.1': 4000.0, '2025-06-04.1': 3000.0}
Nightslayer Chestpiece {'avg': 200.0, 'stdev': 0, 'var': 0, '2025-06-06.1': 200.0}
Cenarion Helm {'avg': 200.0, 'stdev': 0, 'var': 0, '2025-06-06.1': 200.0}
Handguards of Transcendence {'avg': 1100.0, 'stdev': 848.53, 'var': 720000.0, '2025-06-06.1': 1700.0, '2025-05-31.1': 500.0}
Girdle of Prophecy {'avg': 100.0, 'stdev': 0, 'var': 0, '2025-06-06.1': 100.0}
Boots of Transcendence {'avg': 1333.33, 'stdev': 763.76, 'var': 583333.33, '2025-06-06.1': 2000.0, '2025-05-31.1': 500.0, '2025-05-30.2': 1500.0}
Felheart Bracers {'avg': 200.0, 'stdev': 141.42, 'var': 20000.0, '2025-06-06.1': 100.0, '2025-05-24.1': 300.0}
Band of Accuria {'avg': 8000.0, 'stdev': 0, 'var': 0, '2025-06-06.1': 8000.0}
Lawbringer Bracers {'avg': 100.0, 'stdev': 0, 'var': 0, '2025-06-06.1': 100.0}
Formula: Enchant Weapon - Spell Power {'avg': 15500.0, 'stdev': 20506.1, 'var': 420500000.0, '2025-06-06.1': 30000.0, '2025-05-24.1': 1000.0}
Malfurion's Blessed Bulwark {'avg': 500.0, 'stdev': 0, 'var': 0, '2025-06-06.1': 500.0}
Angelista's Grasp {'avg': 525.0, 'stdev': 50.0, 'var': 2500.0, '2025-06-06.1': 500.0, '2025-05-31.1': 500.0, '2025-05-30.2': 600.0, '2025-05-24.1': 500.0}
Drake Talon Pauldrons {'avg': 500.0, 'stdev': 0, 'var': 0, '2025-06-06.1': 500.0}
Netherwind Robes {'avg': 2300.0, 'stdev': 2545.58, 'var': 6480000.0, '2025-06-06.1': 4100.0, '2025-05-30.1': 500.0}
Gauntlets of Wrath {'avg': 500.0, 'stdev': 0, 'var': 0, '2025-06-06.1': 500.0}
Malice Stone Pendant {'avg': 1000.0, 'stdev': 0.0, 'var': 0.0, '2025-06-05.2': 1000.0, '2025-06-05.1': 1000.0, '2025-05-30.1': 1000.0}
Maexxna's Fang {'avg': 5333.33, 'stdev': 2309.4, 'var': 5333333.33, '2025-06-05.2': 4000.0, '2025-05-26.1': 8000.0, '2025-05-24.2': 4000.0}
Cloak of the Scourge {'avg': 2833.33, 'stdev': 577.35, 'var': 333333.33, '2025-06-05.2': 3500.0, '2025-06-02.2': 2500.0, '2025-05-26.2': 2500.0}
Loatheb's Reflection {'avg': 500.0, 'stdev': 0.0, 'var': 0.0, '2025-06-05.2': 500.0, '2025-06-03.1': 500.0, '2025-05-30.1': 500.0}
Stygian Buckler {'avg': 1000.0, 'stdev': 0.0, 'var': 0.0, '2025-06-05.2': 1000.0, '2025-06-02.2': 1000.0, '2025-05-31.1': 1000.0, '2025-05-30.1': 1000.0}
Frostfire Ring {'avg': 4000.0, 'stdev': 0.0, 'var': 0.0, '2025-06-05.1': 4000.0, '2025-06-03.1': 4000.0, '2025-05-28.1': 4000.0}
The Eye of Nerub {'avg': 4750.0, 'stdev': 353.55, 'var': 125000.0, '2025-06-05.1': 5000.0, '2025-05-29.1': 4500.0}
Vek'lor's Gloves of Devastation {'avg': 300.0, 'stdev': 0.0, 'var': 0.0, '2025-06-05.1': 300.0, '2025-05-31.1': 300.0}
Scaled Sand Reaver Leggings {'avg': 566.67, 'stdev': 115.47, 'var': 13333.33, '2025-06-05.1': 500.0, '2025-06-04.1': 500.0, '2025-06-03.1': 700.0}
Fetish of the Sand Reaver {'avg': 4250.0, 'stdev': 1767.77, 'var': 3125000.0, '2025-06-05.1': 5500.0, '2025-05-24.1': 3000.0}
Gauntlets of Steadfast Determination {'avg': 8833.33, 'stdev': 2020.73, 'var': 4083333.33, '2025-06-05.1': 10000.0, '2025-05-27.1': 10000.0, '2025-05-25.1': 6500.0}
Burrower Bracers {'avg': 3800.0, 'stdev': 0, 'var': 0, '2025-06-05.1': 3800.0}
Imperial Qiraji Regalia {'avg': 2625.0, 'stdev': 250.0, 'var': 62500.0, '2025-06-05.1': 2500.0, '2025-06-03.1': 2500.0, '2025-06-01.1': 3000.0, '2025-05-27.1': 2500.0}
Essence Gatherer {'avg': 300.0, 'stdev': 0, 'var': 0, '2025-06-04.1': 300.0}
Lawbringer Spaulders {'avg': 200.0, 'stdev': 0, 'var': 0, '2025-06-04.1': 200.0}
Ashkandi Greatsword of the Brotherhood {'avg': 1500.0, 'stdev': 0, 'var': 0, '2025-06-04.1': 1500.0}
Neretzek The Blood Drinker {'avg': 500.0, 'stdev': 0, 'var': 0, '2025-06-04.1': 500.0}
Pauldrons of Wrath {'avg': 500.0, 'stdev': 0, 'var': 0, '2025-06-04.1': 500.0}
Formula: Enchant Gloves - Superior Agility {'avg': 500.0, 'stdev': 0.0, 'var': 0.0, '2025-06-04.1': 500.0, '2025-05-31.1': 500.0}
Chromatic Boots {'avg': 30000.0, 'stdev': 0, 'var': 0, '2025-06-04.1': 30000.0}
Giantstalker's Belt {'avg': 100.0, 'stdev': 0.0, 'var': 0.0, '2025-06-04.1': 100.0, '2025-05-31.1': 100.0}
Amulet of Vek'nilash {'avg': 5000.0, 'stdev': 0.0, 'var': 0.0, '2025-06-04.1': 5000.0, '2025-05-31.1': 5000.0}
Icebane Helmet {'avg': 500.0, 'stdev': 0.0, 'var': 0.0, '2025-06-04.1': 500.0, '2025-06-02.2': 500.0, '2025-06-02.1': 500.0, '2025-05-25.1': 500.0}
Girdle of the Mentor {'avg': 34600.0, 'stdev': 12895.74, 'var': 166300000.0, '2025-06-04.1': 55000.0, '2025-05-31.2': 26000.0, '2025-05-30.2': 30000.0, '2025-05-29.1': 23000.0, '2025-05-23.1': 39000.0}
Eye of Diminution {'avg': 2500.0, 'stdev': 866.03, 'var': 750000.0, '2025-06-04.1': 3000.0, '2025-06-03.1': 1500.0, '2025-05-29.1': 3000.0}
Plagueheart Ring {'avg': 3500.0, 'stdev': 0.0, 'var': 0.0, '2025-06-04.1': 3500.0, '2025-05-31.2': 3500.0}
Gem of Trapped Innocents {'avg': 7750.0, 'stdev': 3403.43, 'var': 11583333.33, '2025-06-04.1': 12000.0, '2025-05-31.1': 5000.0, '2025-05-29.2': 9000.0, '2025-05-25.1': 5000.0}
Widow's Remorse {'avg': 8500.0, 'stdev': 2738.61, 'var': 7500000.0, '2025-06-04.1': 10000.0, '2025-06-02.1': 10000.0, '2025-05-31.2': 5000.0, '2025-05-27.1': 11000.0, '2025-05-26.1': 10000.0, '2025-05-25.1': 5000.0}
Gem of Nerubis {'avg': 1000.0, 'stdev': 0.0, 'var': 0.0, '2025-06-04.1': 1000.0, '2025-05-24.2': 1000.0}
Skin of the Great Sandworm {'avg': 7000.0, 'stdev': 0, 'var': 0, '2025-06-03.1': 7000.0}
Dark Edge of Insanity {'avg': 7500.0, 'stdev': 707.11, 'var': 500000.0, '2025-06-03.1': 8000.0, '2025-05-24.1': 7000.0}
Legplates of Blazing Light {'avg': 1000.0, 'stdev': 0.0, 'var': 0.0, '2025-06-03.1': 1000.0, '2025-05-24.1': 1000.0}
Polar Helmet {'avg': 500.0, 'stdev': 0.0, 'var': 0.0, '2025-06-03.1': 500.0, '2025-05-23.2': 500.0}
Soulseeker {'avg': 5000.0, 'stdev': 0.0, 'var': 0.0, '2025-06-03.1': 5000.0, '2025-05-30.2': 5000.0}
Claymore of Unholy Might {'avg': 1500.0, 'stdev': 0.0, 'var': 0.0, '2025-06-02.2': 1500.0, '2025-05-30.2': 1500.0}
Icebane Pauldrons {'avg': 500.0, 'stdev': 0.0, 'var': 0.0, '2025-06-02.2': 500.0, '2025-05-28.1': 500.0}
Might of Menethil {'avg': 8000.0, 'stdev': 0, 'var': 0, '2025-06-02.1': 8000.0}
Libram of Light {'avg': 5333.33, 'stdev': 577.35, 'var': 333333.33, '2025-06-02.1': 5000.0, '2025-05-30.2': 5000.0, '2025-05-30.1': 6000.0}
Leggings of Polarity {'avg': 9000.0, 'stdev': 2309.4, 'var': 5333333.33, '2025-06-02.1': 11000.0, '2025-05-29.2': 7000.0, '2025-05-26.2': 11000.0, '2025-05-24.1': 7000.0}
Sapphiron's Right Eye {'avg': 5000.0, 'stdev': 0.0, 'var': 0.0, '2025-06-02.1': 5000.0, '2025-05-30.1': 5000.0, '2025-05-27.1': 5000.0}
The End of Dreams {'avg': 3500.0, 'stdev': 0, 'var': 0, '2025-06-02.1': 3500.0}
Dark Storm Gauntlets {'avg': 24333.33, 'stdev': 14011.9, 'var': 196333333.33, '2025-06-01.1': 10000.0, '2025-05-29.1': 38000.0, '2025-05-27.1': 25000.0}
Barb of the Sand Reaver {'avg': 1000.0, 'stdev': 0.0, 'var': 0.0, '2025-06-01.1': 1000.0, '2025-05-24.1': 1000.0}
Ancient Qiraji Ripper {'avg': 8000.0, 'stdev': 5196.15, 'var': 27000000.0, '2025-06-01.1': 5000.0, '2025-05-29.1': 5000.0, '2025-05-25.1': 14000.0}
Breastplate of Wrath {'avg': 500.0, 'stdev': 0, 'var': 0, '2025-06-01.1': 500.0}
Bracelets of Royal Redemption {'avg': 12250.0, 'stdev': 10960.16, 'var': 120125000.0, '2025-06-01.1': 20000.0, '2025-05-24.1': 4500.0}
Arcanist Crown {'avg': 200.0, 'stdev': 0, 'var': 0, '2025-06-01.1': 200.0}
Ritssyn's Ring of Chaos {'avg': 1000.0, 'stdev': 0, 'var': 0, '2025-06-01.1': 1000.0}
Talisman of Ephemeral Power {'avg': 2000.0, 'stdev': 0.0, 'var': 0.0, '2025-06-01.1': 2000.0, '2025-05-30.1': 2000.0}
Elementium Reinforced Bulwark {'avg': 500.0, 'stdev': 0, 'var': 0, '2025-06-01.1': 500.0}
Drake Fang Talisman {'avg': 20250.0, 'stdev': 3889.09, 'var': 15125000.0, '2025-06-01.1': 23000.0, '2025-05-24.1': 17500.0}
Black Ash Robe {'avg': 300.0, 'stdev': 0, 'var': 0, '2025-06-01.1': 300.0}
Hive Defiler Wristguards {'avg': 7500.0, 'stdev': 0, 'var': 0, '2025-06-01.1': 7500.0}
Trash {'avg': 800.0, 'stdev': 0, 'var': 0, '2025-06-01.1': 800.0}
Rime Covered Mantle {'avg': 7600.0, 'stdev': 4774.93, 'var': 22800000.0, '2025-06-01.1': 5000.0, '2025-05-31.1': 7000.0, '2025-05-26.2': 5000.0, '2025-05-26.1': 5000.0, '2025-05-23.2': 16000.0}
Spire of Twilight {'avg': 4500.0, 'stdev': 0, 'var': 0, '2025-06-01.1': 4500.0}
Harbinger of Doom {'avg': 5000.0, 'stdev': 0.0, 'var': 0.0, '2025-06-01.1': 5000.0, '2025-05-25.1': 5000.0}
Robes of the Guardian Saint {'avg': 3000.0, 'stdev': 0, 'var': 0, '2025-05-31.1': 3000.0}
Angelista's Charm {'avg': 500.0, 'stdev': 0, 'var': 0, '2025-05-31.1': 500.0}
Cloak of the Golden Hive {'avg': 3000.0, 'stdev': 0, 'var': 0, '2025-05-31.1': 3000.0}
Cloak of Concentrated Hatred {'avg': 5000.0, 'stdev': 1322.88, 'var': 1750000.0, '2025-05-31.1': 6500.0, '2025-05-27.1': 4500.0, '2025-05-24.1': 4000.0}
Pauldrons of the Unrelenting {'avg': 2000.0, 'stdev': 866.03, 'var': 750000.0, '2025-05-31.1': 3000.0, '2025-05-29.1': 1500.0, '2025-05-27.1': 1500.0}
Thick Qirajihide Belt {'avg': 1500.0, 'stdev': 0, 'var': 0, '2025-05-31.1': 1500.0}
Belt of the Fallen Emperor {'avg': 300.0, 'stdev': 0.0, 'var': 0.0, '2025-05-31.1': 300.0, '2025-05-29.1': 300.0, '2025-05-28.1': 300.0}
Ring of Faith {'avg': 4500.0, 'stdev': 707.11, 'var': 500000.0, '2025-05-31.2': 5000.0, '2025-05-25.1': 4000.0}
Icy Scale Spaulders {'avg': 500.0, 'stdev': 0.0, 'var': 0.0, '2025-05-31.2': 500.0, '2025-05-28.1': 500.0}
Hailstone Band {'avg': 500.0, 'stdev': 0.0, 'var': 0.0, '2025-05-31.1': 500.0, '2025-05-29.1': 500.0, '2025-05-26.1': 500.0, '2025-05-23.1': 500.0}
Dragon's Blood Cape {'avg': 300.0, 'stdev': 0, 'var': 0, '2025-05-31.1': 300.0}
Grasp of the Old God {'avg': 8500.0, 'stdev': 1414.21, 'var': 2000000.0, '2025-05-31.1': 7500.0, '2025-05-25.1': 9500.0}
Garb of Royal Ascension {'avg': 2500.0, 'stdev': 0, 'var': 0, '2025-05-31.1': 2500.0}
Gauntlets of Might {'avg': 200.0, 'stdev': 0, 'var': 0, '2025-05-31.1': 200.0}
Legguards of the Fallen Crusader {'avg': 500.0, 'stdev': 0, 'var': 0, '2025-05-31.1': 500.0}
Drillborer Disk {'avg': 300.0, 'stdev': 0.0, 'var': 0.0, '2025-05-31.1': 300.0, '2025-05-28.1': 300.0}
Crown of Destruction {'avg': 300.0, 'stdev': 0, 'var': 0, '2025-05-31.1': 300.0}
Cauterizing Band {'avg': 850.0, 'stdev': 70.71, 'var': 5000.0, '2025-05-31.1': 800.0, '2025-05-30.1': 900.0}
Dragonstalker's Spaulders {'avg': 500.0, 'stdev': 0, 'var': 0, '2025-05-31.1': 500.0}
Wristguards of Stability {'avg': 200.0, 'stdev': 0, 'var': 0, '2025-05-31.1': 200.0}
Boots of the Unwavering Will {'avg': 300.0, 'stdev': 0, 'var': 0, '2025-05-31.1': 300.0}
Archimtiros' Ring of Reckoning {'avg': 1000.0, 'stdev': 0, 'var': 0, '2025-05-31.1': 1000.0}
Heartstriker {'avg': 500.0, 'stdev': 0, 'var': 0, '2025-05-31.1': 500.0}
Bloodfang Gloves {'avg': 500.0, 'stdev': 0, 'var': 0, '2025-05-30.2': 500.0}
Seal of the Archmagus {'avg': 200.0, 'stdev': 0, 'var': 0, '2025-05-30.2': 200.0}
Bloodfang Spaulders {'avg': 500.0, 'stdev': 0, 'var': 0, '2025-05-30.2': 500.0}
Pendant of the Fallen Dragon {'avg': 500.0, 'stdev': 0, 'var': 0, '2025-05-30.2': 500.0}
Cloak of the Brood Lord {'avg': 800.0, 'stdev': 0, 'var': 0, '2025-05-30.2': 800.0}
Stormrage's Talisman of Seething {'avg': 20333.33, 'stdev': 2081.67, 'var': 4333333.33, '2025-05-30.2': 22000.0, '2025-05-26.1': 18000.0, '2025-05-24.1': 21000.0}
Preceptor's Hat {'avg': 1000.0, 'stdev': 0.0, 'var': 0.0, '2025-05-30.2': 1000.0, '2025-05-23.2': 1000.0}
Thorium Lockbox {'avg': 800.0, 'stdev': 0, 'var': 0, '2025-05-30.2': 800.0}
The Face of Death {'avg': 5000.0, 'stdev': 0, 'var': 0, '2025-05-30.1': 5000.0}
Ring of the Dreadnaught {'avg': 4250.0, 'stdev': 500.0, 'var': 250000.0, '2025-05-30.1': 4000.0, '2025-05-27.1': 5000.0, '2025-05-26.1': 4000.0, '2025-05-23.1': 4000.0}
Gluth's Missing Collar {'avg': 500.0, 'stdev': 0.0, 'var': 0.0, '2025-05-30.1': 500.0, '2025-05-25.1': 500.0}
Midnight Haze {'avg': 2500.0, 'stdev': 0, 'var': 0, '2025-05-30.1': 2500.0}
Band of Forced Concentration {'avg': 1500.0, 'stdev': 0, 'var': 0, '2025-05-30.1': 1500.0}
Nightslayer Belt {'avg': 500.0, 'stdev': 141.42, 'var': 20000.0, '2025-05-30.1': 400.0, '2025-05-24.1': 600.0}
Cloak of the Shrouded Mists {'avg': 500.0, 'stdev': 0, 'var': 0, '2025-05-30.1': 500.0}
Venomous Totem {'avg': 200.0, 'stdev': 0.0, 'var': 0.0, '2025-05-30.1': 200.0, '2025-05-28.1': 200.0, '2025-05-25.1': 200.0}
Nightslayer Cover {'avg': 200.0, 'stdev': 0, 'var': 0, '2025-05-30.1': 200.0}
Pure Elementium Band {'avg': 12500.0, 'stdev': 5220.15, 'var': 27250000.0, '2025-05-30.1': 15000.0, '2025-05-25.1': 16000.0, '2025-05-24.1': 6500.0}
Empowered Leggings {'avg': 13000.0, 'stdev': 0, 'var': 0, '2025-05-30.1': 13000.0}
Bloodfang Belt {'avg': 500.0, 'stdev': 0, 'var': 0, '2025-05-30.1': 500.0}
Claw of Chromaggus {'avg': 1100.0, 'stdev': 0, 'var': 0, '2025-05-30.1': 1100.0}
Felheart Shoulder Pads {'avg': 200.0, 'stdev': 0.0, 'var': 0.0, '2025-05-30.1': 200.0, '2025-05-24.1': 200.0}
Helm of Endless Rage {'avg': 23000.0, 'stdev': 16970.56, 'var': 288000000.0, '2025-05-30.1': 35000.0, '2025-05-25.1': 11000.0}
Leggings of Transcendence {'avg': 500.0, 'stdev': 0, 'var': 0, '2025-05-30.1': 500.0}
Digested Hand of Power {'avg': 500.0, 'stdev': 0.0, 'var': 0.0, '2025-05-29.2': 500.0, '2025-05-27.1': 500.0}
Warmth of Forgiveness {'avg': 1000.0, 'stdev': 0, 'var': 0, '2025-05-29.2': 1000.0}
Idol of Longevity {'avg': 1500.0, 'stdev': 0, 'var': 0, '2025-05-29.2': 1500.0}
Huhuran's Stinger {'avg': 1000.0, 'stdev': 0.0, 'var': 0.0, '2025-05-29.1': 1000.0, '2025-05-28.1': 1000.0, '2025-05-25.1': 1000.0, '2025-05-24.1': 1000.0}
Silithid Claw {'avg': 1000.0, 'stdev': 0, 'var': 0, '2025-05-29.1': 1000.0}
Head of the Broodlord Lashlayer {'avg': 50.0, 'stdev': 0.0, 'var': 0.0, '2025-05-28.1': 50.0, '2025-05-24.1': 50.0}
Boots of Epiphany {'avg': 2750.0, 'stdev': 3181.98, 'var': 10125000.0, '2025-05-28.1': 5000.0, '2025-05-24.1': 500.0}
Schematic: Sniper Scope {'avg': 300.0, 'stdev': 0, 'var': 0, '2025-05-28.1': 300.0}
Cloak of Firemaw {'avg': 2800.0, 'stdev': 0, 'var': 0, '2025-05-28.1': 2800.0}
Recipe: Major Rejuvenation Potion {'avg': 700.0, 'stdev': 0, 'var': 0, '2025-05-28.1': 700.0}
Arcanist Mantle {'avg': 200.0, 'stdev': 0, 'var': 0, '2025-05-28.1': 200.0}
Mish'undare Circlet of the Mind Flayer {'avg': 1500.0, 'stdev': 0.0, 'var': 0.0, '2025-05-28.1': 1500.0, '2025-05-25.1': 1500.0}
Veil of Eclipse {'avg': 2000.0, 'stdev': 0, 'var': 0, '2025-05-28.1': 2000.0}
Noth's Frigid Heart {'avg': 2500.0, 'stdev': 0, 'var': 0, '2025-05-28.1': 2500.0}
Corrupted Ashbringer {'avg': 11666.67, 'stdev': 3785.94, 'var': 14333333.33, '2025-05-28.1': 16000.0, '2025-05-26.2': 9000.0, '2025-05-23.1': 10000.0}
Robes of the Battleguard {'avg': 350.0, 'stdev': 0, 'var': 0, '2025-05-27.1': 350.0}
Wasphide Gauntlets {'avg': 500.0, 'stdev': 0, 'var': 0, '2025-05-27.1': 500.0}
Ukko's Ring of Darkness {'avg': 5000.0, 'stdev': 0, 'var': 0, '2025-05-27.1': 5000.0}
Ring of the Dreamwalker {'avg': 3500.0, 'stdev': 0.0, 'var': 0.0, '2025-05-26.1': 3500.0, '2025-05-23.2': 3500.0}
Stormrage Handguards {'avg': 500.0, 'stdev': 0, 'var': 0, '2025-05-25.1': 500.0}
Taut Dragonhide Shoulderpads {'avg': 200.0, 'stdev': 0, 'var': 0, '2025-05-25.1': 200.0}
Bloodfang Boots {'avg': 750.0, 'stdev': 353.55, 'var': 125000.0, '2025-05-25.1': 1000.0, '2025-05-24.1': 500.0}
Leggings of Immersion {'avg': 500.0, 'stdev': 0, 'var': 0, '2025-05-25.1': 500.0}
Formula: Enchant Gloves - Threat {'avg': 500.0, 'stdev': 0, 'var': 0, '2025-05-25.1': 500.0}
Stormrage Belt {'avg': 500.0, 'stdev': 0, 'var': 0, '2025-05-25.1': 500.0}
Netherwind Bindings {'avg': 500.0, 'stdev': 0, 'var': 0, '2025-05-25.1': 500.0}
Vek'lor's Diadem {'avg': 2000.0, 'stdev': 0.0, 'var': 0.0, '2025-05-25.1': 2000.0, '2025-05-24.1': 2000.0}
Gloves of the Hidden Temple {'avg': 2000.0, 'stdev': 0, 'var': 0, '2025-05-25.1': 2000.0}
Sabatons of Wrath {'avg': 500.0, 'stdev': 0, 'var': 0, '2025-05-25.1': 500.0}
Brimstone Staff {'avg': 5000.0, 'stdev': 0.0, 'var': 0.0, '2025-05-25.1': 5000.0, '2025-05-23.2': 5000.0}
Formula: Enchant Cloak - Dodge {'avg': 500.0, 'stdev': 0, 'var': 0, '2025-05-24.1': 500.0}
Nemesis Belt {'avg': 500.0, 'stdev': 0, 'var': 0, '2025-05-24.1': 500.0}
Judgement Legplates {'avg': 500.0, 'stdev': 0, 'var': 0, '2025-05-24.1': 500.0}
Netherwind Boots {'avg': 500.0, 'stdev': 0, 'var': 0, '2025-05-24.1': 500.0}
Cenarion Boots {'avg': 200.0, 'stdev': 0, 'var': 0, '2025-05-24.1': 200.0}
Band of Sulfuras {'avg': 300.0, 'stdev': 0, 'var': 0, '2025-05-24.1': 300.0}
Firemaw's Clutch {'avg': 500.0, 'stdev': 0, 'var': 0, '2025-05-24.1': 500.0}
Lawbringer Helm {'avg': 200.0, 'stdev': 0, 'var': 0, '2025-05-24.1': 200.0}
Quick Strike Ring {'avg': 17000.0, 'stdev': 0, 'var': 0, '2025-05-24.1': 17000.0}
